{"accuracy_score": 0.8, "f1_score": 0.7906976744186046, "r2_score": 0.18016194331983815, "rmse": 0.4472135954999579, "mae": 0.2}